TRADE_DATE,CN_GOV_BOND_YIELD_2Y,CN_GOV_BOND_YIELD_5Y,CN_GOV_BOND_YIELD_10Y,CN_GOV_BOND_YIELD_30Y,CN_YIELD_CURVE_10Y_2Y,US_GOV_BOND_YIELD_2Y,US_GOV_BOND_YIELD_5Y,US_GOV_BOND_YIELD_10Y,US_GOV_BOND_YIELD_30Y,US_YIELD_CURVE_10Y_2Y
2025-08-19,1.4273,1.6246,1.7725,2.0975,0.3452,3.75,3.82,4.3,4.9,
2025-08-20,1.4398,1.6399,1.782,2.105,0.3422,3.74,3.81,4.29,4.89,
2025-08-21,1.4373,1.6295,1.7667,2.075,0.3294,3.79,3.86,4.33,4.92,
2025-08-22,1.4341,1.6324,1.7818,2.0775,0.3477,3.68,3.76,4.26,4.88,
2025-08-25,1.4194,1.6227,1.7643,2.05,0.3449,3.73,3.8,4.28,4.89,0.55
2025-08-26,1.417,1.6215,1.7598,2.035,0.3428,3.61,3.75,4.26,4.9,0.65
2025-08-27,1.411,1.6259,1.7988,2.07,0.3878,3.59,3.69,4.24,4.91,0.65
2025-08-28,1.4184,1.6442,1.8478,2.1108,0.4294,3.62,3.69,4.22,4.88,0.6
2025-08-29,1.4042,1.6322,1.8379,2.1375,0.4337,3.59,3.68,4.23,4.92,0.64
2025-09-01,1.3994,1.6234,1.8257,2.1165,0.4263,,,,,
2025-09-02,1.3994,1.6148,1.8167,2.1,0.4173,3.66,3.74,4.28,4.97,0.62
2025-09-03,1.385,1.5931,1.7984,2.075,0.4134,3.61,3.69,4.22,4.9,0.61
2025-09-04,1.4036,1.5967,1.806,2.085,0.4024,3.59,3.65,4.17,4.86,0.58
2025-09-05,1.4081,1.6121,1.826,2.1125,0.4179,3.51,3.59,4.1,4.78,0.59
2025-09-08,1.4065,1.6229,1.8514,2.1475,0.4449,3.49,3.57,4.05,4.69,0.56
2025-09-09,1.4205,1.6283,1.8641,2.171,0.4436,3.54,3.61,4.08,4.72,0.54
2025-09-10,1.4298,1.6492,1.8992,2.204,0.4694,3.54,3.59,4.04,4.69,0.5
2025-09-11,1.4177,1.621,1.8743,2.208,0.4566,3.52,3.59,4.01,4.65,0.49
2025-09-12,1.4295,1.6139,1.867,2.184,0.4375,3.56,3.63,4.06,4.68,0.5
2025-09-15,1.4245,1.6187,1.8724,2.1875,0.4479,3.54,3.61,4.05,4.66,0.51
2025-09-16,1.4095,1.5891,1.8527,2.1675,0.4432,3.51,3.59,4.04,4.65,0.53
2025-09-17,1.4345,1.5688,1.8349,2.15,0.4004,3.52,3.62,4.06,4.66,0.54
2025-09-18,1.4806,1.5896,1.8546,2.1701,0.374,3.57,3.67,4.11,4.72,0.54
2025-09-19,1.4859,1.6186,1.8789,2.1996,0.393,3.57,3.68,4.14,4.75,0.57
2025-09-22,1.4908,1.6091,1.8647,2.189,0.3739,3.61,3.71,4.15,4.77,0.54
2025-09-23,1.5015,1.6238,1.877,2.215,0.3755,3.53,3.68,4.12,4.73,0.59
2025-09-24,1.5163,1.6477,1.9022,2.2501,0.3859,3.57,3.7,4.16,4.76,0.59
2025-09-25,1.5211,1.6398,1.884,2.23,0.3629,3.64,3.75,4.18,4.75,0.54
2025-09-26,1.5125,1.6234,1.8768,2.217,0.3643,3.63,3.76,4.2,4.77,0.57
2025-09-28,1.5038,1.6188,1.8781,2.218,0.3743,,,,,
2025-09-29,1.5081,1.635,1.887,2.242,0.3789,3.63,3.74,4.15,4.71,0.52
2025-09-30,1.4934,1.6036,1.8605,2.2461,0.3671,3.6,3.74,4.16,4.73,0.56
2025-10-01,,,,,,3.55,3.68,4.12,4.72,0.57
2025-10-02,,,,,,3.55,3.67,4.1,4.69,0.55
2025-10-03,,,,,,3.58,3.72,4.13,4.71,0.55
2025-10-06,,,,,,3.6,3.75,4.18,4.76,0.58
2025-10-07,,,,,,3.57,3.71,4.14,4.73,0.57
2025-10-08,,,,,,3.58,3.72,4.13,4.72,0.55
2025-10-09,1.4857,1.5979,1.8466,2.2629,0.3609,3.6,3.74,4.14,4.72,0.54
2025-10-10,1.5016,1.605,1.846,2.2829,0.3444,3.52,3.65,4.05,4.63,0.53
2025-10-11,1.4822,1.5794,1.8206,2.2328,0.3384,,,,,
2025-10-13,1.4922,1.5983,1.8383,2.2729,0.3461,,,,,
2025-10-14,1.494,1.59,1.8368,2.2678,0.3428,3.48,3.6,4.03,4.62,0.55
2025-10-15,1.4997,1.5949,1.8449,2.2603,0.3452,3.5,3.63,4.05,4.64,0.55
2025-10-16,1.4981,1.5975,1.8407,2.2414,0.3426,3.41,3.55,3.99,4.58,0.58
2025-10-17,1.494,1.5899,1.8246,2.2002,0.3306,3.46,3.59,4.02,4.6,0.56
2025-10-20,1.5014,1.6104,1.8498,2.2162,0.3484,3.46,3.58,4.0,4.58,0.54
2025-10-21,1.4961,1.6033,1.8357,2.1871,0.3396,3.45,3.56,3.98,4.55,0.53
2025-10-22,1.5011,1.6027,1.8293,2.1821,0.3282,3.45,3.56,3.97,4.54,0.52
2025-10-23,1.4961,1.6061,1.8391,2.1946,0.343,3.48,3.61,4.01,4.58,0.53
2025-10-24,1.4923,1.6174,1.8486,2.2126,0.3563,3.48,3.61,4.02,4.59,0.54
2025-10-27,1.4814,1.6054,1.8423,2.2031,0.3609,3.48,3.61,4.01,4.57,0.53
2025-10-28,1.4408,1.5724,1.8179,2.17,0.3771,3.47,3.6,3.99,4.55,0.52
2025-10-29,1.4063,1.5783,1.8208,2.177,0.4145,3.59,3.7,4.08,4.61,0.49
2025-10-30,1.4067,1.5609,1.8098,2.1625,0.4031,3.61,3.72,4.11,4.65,0.5
2025-10-31,1.4022,1.5662,1.7954,2.1431,0.3932,3.6,3.71,4.11,4.67,0.51
2025-11-03,1.4143,1.5768,1.7944,2.1376,0.3801,3.6,3.72,4.13,4.69,0.53
2025-11-04,1.4233,1.5795,1.7984,2.1421,0.3751,3.58,3.69,4.1,4.67,0.52
2025-11-05,1.431,1.5794,1.7964,2.1391,0.3654,3.63,3.76,4.17,4.74,0.54
2025-11-06,1.4342,1.5856,1.81,2.1596,0.3758,3.57,3.69,4.11,4.69,0.54
2025-11-07,1.4337,1.5873,1.8142,2.1581,0.3805,3.55,3.67,4.11,4.7,0.56
2025-11-10,1.4322,1.583,1.8139,2.1476,0.3817,3.58,3.72,4.13,4.71,0.55
2025-11-11,1.433,1.5754,1.8119,2.1537,0.3789,,,,,
2025-11-12,1.4319,1.568,1.8071,2.1431,0.3752,3.56,3.68,4.08,4.67,0.52
2025-11-13,1.428,1.5783,1.8126,2.1491,0.3846,3.58,3.71,4.11,4.7,0.53
2025-11-14,1.4312,1.5816,1.814,2.1481,0.3828,3.62,3.74,4.14,4.74,0.52
2025-11-17,1.4312,1.5846,1.8109,2.1391,0.3797,3.6,3.72,4.13,4.73,0.53
2025-11-18,1.4311,1.5899,1.8121,2.1381,0.381,3.58,3.7,4.12,4.74,0.54
2025-11-19,1.4299,1.5953,1.8179,2.1506,0.388,3.58,3.71,4.13,4.75,0.55
2025-11-20,1.4291,1.5852,1.8135,2.1531,0.3844,3.55,3.68,4.1,4.73,0.55
2025-11-21,1.4303,1.5907,1.8166,2.1576,0.3863,3.51,3.62,4.06,4.71,0.55
2025-11-24,1.4313,1.5944,1.821,2.1586,0.3897,3.46,3.61,4.04,4.68,0.58
2025-11-25,1.43,1.6019,1.8301,2.1751,0.4001,3.43,3.55,4.01,4.67,0.58
2025-11-26,1.4342,1.6203,1.8462,2.1926,0.412,3.45,3.56,4.0,4.64,0.55
2025-11-27,1.4317,1.6304,1.8537,2.2001,0.422,,,,,
2025-11-28,1.4183,1.6183,1.8412,2.1851,0.4229,3.47,3.59,4.02,4.67,0.55
2025-12-01,1.4162,1.6111,1.8366,2.1901,0.4204,3.54,3.67,4.09,4.74,0.55
2025-12-02,1.4166,1.6165,1.8442,2.2051,0.4276,3.51,3.66,4.09,4.74,0.58
2025-12-03,1.4137,1.6196,1.8519,2.2351,0.4382,3.49,3.62,4.06,4.73,0.57
2025-12-04,1.4054,1.646,1.8718,2.2761,0.4664,3.52,3.68,4.11,4.76,0.59
2025-12-05,1.4036,1.6322,1.848,2.2571,0.4444,3.56,3.72,4.14,4.79,0.58
2025-12-08,1.4034,1.6348,1.8499,2.2577,0.4465,3.57,3.75,4.17,4.81,0.6
2025-12-09,1.3987,1.6299,1.8425,2.2527,0.4438,3.61,3.78,4.18,4.8,0.57
2025-12-10,1.3886,1.6266,1.8447,2.2412,0.4561,3.54,3.72,4.13,4.78,0.59
2025-12-11,1.3919,1.6173,1.8404,2.2252,0.4485,3.52,3.72,4.14,4.79,0.62
2025-12-12,1.3951,1.6279,1.8396,2.2487,0.4445,3.52,3.75,4.19,4.85,0.67
2025-12-15,1.3986,1.6391,1.8488,2.2792,0.4502,3.51,3.73,4.18,4.84,0.67
2025-12-16,1.4036,1.6362,1.8458,2.2802,0.4422,3.48,3.69,4.15,4.82,0.67
2025-12-17,1.4001,1.6241,1.834,2.2422,0.4339,3.49,3.7,4.16,4.83,0.67
2025-12-18,1.3876,1.6201,1.8356,2.2512,0.448,3.46,3.66,4.12,4.8,0.66
2025-12-19,1.3752,1.6021,1.8308,2.2252,0.4556,3.48,3.7,4.16,4.82,0.68
2025-12-22,1.3652,1.6083,1.8415,2.2412,0.4763,3.44,3.71,4.17,4.84,0.73
2025-12-23,1.3502,1.5957,1.8352,2.2232,0.485,3.48,3.72,4.18,4.83,0.7
2025-12-24,1.3401,1.5991,1.8356,2.2202,0.4955,3.47,3.7,4.15,4.79,0.68
2025-12-25,1.3358,1.6028,1.8386,2.2252,0.5028,,,,,
2025-12-26,1.3378,1.5948,1.8376,2.2233,0.4998,3.46,3.68,4.14,4.81,0.68
2025-12-29,1.3438,1.6168,1.8584,2.2583,0.5146,3.45,3.67,4.12,4.8,0.67
2025-12-30,1.3555,1.6303,1.8582,2.2628,0.5027,3.45,3.68,4.14,4.81,0.69
2025-12-31,1.3605,1.6309,1.8473,2.2674,0.4868,3.47,3.73,4.18,4.84,0.71
2026-01-02,,,,,,3.47,3.74,4.19,4.86,0.72
2026-01-04,1.3522,1.6247,1.8427,2.2529,0.4905,,,,,
2026-01-05,1.3813,1.6378,1.8584,2.2822,0.4771,3.46,3.71,4.17,4.85,0.71
2026-01-06,1.3988,1.6651,1.8829,2.3104,0.4841,3.47,3.72,4.18,4.86,0.71
2026-01-07,1.4388,1.6732,1.9019,2.3345,0.4631,3.47,3.7,4.15,4.82,0.68
2026-01-08,1.4388,1.661,1.8905,2.319,0.4517,3.49,3.74,4.19,4.85,0.7
2026-01-09,1.4362,1.6551,1.8782,2.3024,0.442,3.54,3.75,4.18,4.82,0.64
2026-01-12,1.4392,1.6427,1.8585,2.292,0.4193,3.54,3.77,4.19,4.83,0.65
2026-01-13,1.4386,1.6428,1.8519,2.2926,0.4133,3.53,3.75,4.18,4.83,0.65
2026-01-14,1.4344,1.6283,1.8494,2.3028,0.415,3.51,3.72,4.15,4.79,0.64
2026-01-15,1.4241,1.628,1.8544,2.3058,0.4303,3.56,3.77,4.17,4.79,0.61
2026-01-16,1.4043,1.6099,1.8424,2.3036,0.4381,3.59,3.82,4.24,4.83,0.65
2026-01-19,1.4072,1.6098,1.8393,2.3417,0.4321,,,,,
2026-01-20,1.3949,1.6024,1.8326,2.3351,0.4377,3.6,3.86,4.3,4.91,0.7
2026-01-21,1.3994,1.6043,1.8312,2.3026,0.4318,3.6,3.83,4.26,4.87,0.66
2026-01-22,1.4034,1.6147,1.8425,2.3101,0.4391,3.61,3.85,4.26,4.84,0.65
2026-01-23,1.3959,1.5965,1.8298,2.2871,0.4339,3.6,3.84,4.24,4.82,0.64
2026-01-26,1.4034,1.5975,1.8242,2.27,0.4208,3.56,3.82,4.22,4.8,0.66
2026-01-27,1.4098,1.6015,1.8311,2.285,0.4213,3.53,3.81,4.24,4.83,0.71
2026-01-28,1.3988,1.5821,1.8164,2.277,0.4176,3.56,3.83,4.26,4.85,0.7
2026-01-29,1.3908,1.5784,1.8174,2.28,0.4266,3.53,3.8,4.24,4.85,0.71
2026-01-30,1.3765,1.5761,1.8112,2.289,0.4347,3.52,3.79,4.26,4.87,0.74
2026-02-02,1.3852,1.5768,1.82,2.281,0.4348,3.57,3.83,4.29,4.9,0.72
2026-02-03,1.3772,1.5721,1.8172,2.28,0.44,3.57,3.83,4.28,4.9,0.71
2026-02-04,1.3769,1.5748,1.8193,2.283,0.4424,3.57,3.83,4.29,4.91,0.72
2026-02-05,1.3634,1.5686,1.8169,2.271,0.4535,3.47,3.74,4.21,4.85,0.74
2026-02-06,1.3597,1.5552,1.8102,2.251,0.4505,3.5,3.76,4.22,4.85,0.72
2026-02-09,1.3577,1.5533,1.8114,2.248,0.4537,3.48,3.75,4.22,4.85,0.74
2026-02-10,1.3552,1.5487,1.8094,2.247,0.4542,3.45,3.7,4.16,4.78,0.71
2026-02-11,1.358,1.5435,1.7994,2.2455,0.4414,3.52,3.75,4.18,4.82,0.66
2026-02-12,1.3576,1.5387,1.7893,2.246,0.4317,3.47,3.67,4.09,4.72,0.62
2026-02-13,1.3577,1.544,1.7928,2.244,0.4351,3.4,3.61,4.04,4.69,0.64
2026-02-14,1.3542,1.5366,1.7899,2.246,0.4357,,,,,
2026-02-17,,,,,,3.43,3.63,4.05,4.68,0.62
2026-02-18,,,,,,3.47,3.66,4.09,4.71,0.62
2026-02-19,,,,,,3.47,3.65,4.08,4.7,0.61
2026-02-20,,,,,,3.48,3.65,4.08,4.72,0.6
2026-02-23,,,,,,3.43,3.59,4.03,4.7,0.6
2026-02-24,1.3569,1.536,1.8023,2.2426,0.4454,3.43,3.61,4.04,4.7,0.61
2026-02-25,1.3608,1.5495,1.8158,2.255,0.455,3.45,3.61,4.05,4.7,0.6
2026-02-26,1.3657,1.5626,1.8288,2.2951,0.4631,3.42,3.57,4.02,4.67,0.6
2026-02-27,1.3638,1.5499,1.7877,2.2896,0.4239,3.38,3.51,3.97,4.64,0.59
2026-02-28,1.3589,1.5425,1.7753,2.2726,0.4164,,,,,
2026-03-02,1.3579,1.5379,1.7761,2.2696,0.4182,3.47,3.62,4.05,4.7,0.58
2026-03-03,1.3508,1.5418,1.7807,2.2827,0.4299,3.51,3.63,4.06,4.7,0.55
2026-03-04,1.3349,1.5286,1.7768,2.2752,0.4419,3.54,3.67,4.09,4.72,0.55
2026-03-05,1.3486,1.5312,1.7779,2.2717,0.4293,3.57,3.72,4.13,4.74,0.56
2026-03-06,1.3432,1.5341,1.781,2.2812,0.4378,3.56,3.72,4.15,4.77,0.59
2026-03-09,1.3605,1.5596,1.8054,2.3292,0.4449,3.56,3.71,4.12,4.72,0.56
2026-03-10,1.3622,1.5552,1.8055,2.3328,0.4433,3.57,3.73,4.15,4.78,0.58
2026-03-11,1.3639,1.5608,1.8075,2.3503,0.4436,3.64,3.79,4.21,4.86,0.57
2026-03-12,1.3614,1.5506,1.8052,2.3404,0.4438,3.76,3.88,4.27,4.88,0.51
2026-03-13,1.3532,1.5619,1.8143,2.3665,0.4611,3.73,3.87,4.28,4.9,0.55
2026-03-16,1.3593,1.5793,1.8312,2.3917,0.4719,3.68,3.8,4.23,4.86,0.55
2026-03-17,1.3393,1.579,1.8314,2.3806,0.4921,3.68,3.79,4.2,4.85,0.52
2026-03-18,1.3205,1.5631,1.8175,2.3607,0.497,3.76,3.87,4.26,4.88,0.5
2026-03-19,1.3106,1.565,1.8252,2.391,0.5146,3.79,3.88,4.25,4.83,0.46
2026-03-20,1.3087,1.5625,1.8299,2.3881,0.5212,3.88,4.01,4.39,4.96,0.51
2026-03-23,1.3163,1.572,1.8316,2.373,0.5153,3.83,3.95,4.34,4.91,0.51
2026-03-24,1.3112,1.5767,1.8272,2.3457,0.516,3.9,4.03,4.39,4.94,0.49
2026-03-25,1.3123,1.572,1.8233,2.3457,0.511,3.84,3.96,4.33,4.89,0.49
2026-03-26,1.3023,1.5648,1.8194,2.3498,0.5171,3.96,4.08,4.42,4.93,0.46
2026-03-27,1.2964,1.5527,1.8172,2.3497,0.5208,3.88,4.06,4.44,4.98,0.56
2026-03-30,1.2672,1.529,1.8063,2.3286,0.5391,3.82,3.97,4.35,4.91,0.53
2026-03-31,1.2746,1.5388,1.8171,2.3521,0.5425,3.79,3.92,4.3,4.88,0.51
2026-04-01,1.285,1.5535,1.8244,2.3667,0.5394,3.81,3.97,4.33,4.91,0.52
2026-04-02,1.2899,1.5486,1.8209,2.3733,0.531,3.79,3.94,4.31,4.88,0.52
2026-04-03,1.3033,1.5457,1.8199,2.3725,0.5166,3.84,3.99,4.35,4.91,0.51
2026-04-06,,,,,,3.84,3.98,4.34,4.89,0.5
2026-04-07,1.3023,1.5488,1.8171,2.3597,0.5148,3.81,3.95,4.33,4.9,0.52
2026-04-08,1.3215,1.5534,1.8136,2.3377,0.4921,3.79,3.92,4.29,4.89,0.5
2026-04-09,1.3266,1.5585,1.8192,2.3393,0.4926,3.78,3.91,4.29,4.9,0.51
2026-04-10,1.3289,1.5533,1.8128,2.3055,0.4839,3.81,3.94,4.31,4.91,0.5
2026-04-13,1.3271,1.553,1.7933,2.2816,0.4662,3.78,3.92,4.3,4.9,0.52
2026-04-14,1.3204,1.5492,1.7829,2.2805,0.4625,3.76,3.87,4.26,4.87,0.5
2026-04-15,1.3108,1.5313,1.7809,2.2784,0.4701,3.76,3.9,4.29,4.89,0.53
2026-04-16,1.3084,1.521,1.7812,2.281,0.4728,3.78,3.91,4.32,4.93,0.54
2026-04-17,1.2936,1.4995,1.7623,2.25,0.4687,3.71,3.84,4.26,4.88,0.55
2026-04-20,1.2923,1.5012,1.7627,2.2556,0.4704,3.72,3.86,4.26,4.88,0.54
2026-04-21,1.2812,1.4924,1.751,2.2375,0.4698,3.78,3.91,4.3,4.89,0.52
2026-04-22,1.2601,1.4817,1.7389,2.2137,0.4788,3.79,3.91,4.3,4.9,0.51
